{
"name": "Root",
"children": [
	{
		"class": "Circle",
		"name": "New Circle",
		"x": 141.1435,
		"y": 65.31082,
		"rotation": 139.23555,
		"scaleX": 2.6904767,
		"color": {
			"r": 0.29803923,
			"g": 0.61960787,
			"b": 0.78431374,
			"a": 1
		},
		"children": [
			{
				"class": "Rectangle",
				"name": "New Rectangle",
				"x": -148.99997,
				"y": 107.00001,
				"children": [
					{
						"class": "Rectangle",
						"name": "New Rectangle",
						"x": -241.49557,
						"y": -159.88179,
						"rotation": -237.9023,
						"scaleX": 1.1785347,
						"scaleY": 1.0365181,
						"color": {
							"r": 0.5529412,
							"g": 1,
							"b": 1,
							"a": 1
						},
						"width": 80,
						"height": 80
					}
				],
				"width": 80,
				"height": 80
			}
		],
		"radius": 40
	}
]
}