{
"name": "Root",
"children": [
	{
		"class": "Rectangle",
		"name": "New Rectangle",
		"x": -191.00032,
		"y": -15.999977,
		"rotation": -270.01483,
		"scaleX": 4.8426876,
		"scaleY": 0.5357139,
		"color": {
			"r": 0.5529412,
			"g": 1,
			"b": 1,
			"a": 1
		},
		"children": [
			{
				"class": "Circle",
				"name": "New Circle",
				"x": 51.65722,
				"y": 53.462425,
				"rotation": -157.14415,
				"scaleX": 2.6904767,
				"color": {
					"r": 0.29803923,
					"g": 0.61960787,
					"b": 0.78431374,
					"a": 1
				},
				"radius": 40
			}
		],
		"width": 80,
		"height": 80
	}
]
}