{
"name": "Root",
"children": [
	{
		"class": "Rectangle",
		"name": "New Rectangle",
		"x": -196.49562,
		"y": -36.881798,
		"rotation": -282.13623,
		"scaleX": 1.1785347,
		"scaleY": 1.0365181,
		"color": {
			"r": 0.5529412,
			"g": 1,
			"b": 1,
			"a": 1
		},
		"children": [
			{
				"class": "Circle",
				"name": "New Circle",
				"x": 87.143394,
				"y": 134.3108,
				"rotation": 139.23555,
				"scaleX": 2.6904767,
				"color": {
					"r": 0.29803923,
					"g": 0.61960787,
					"b": 0.78431374,
					"a": 1
				},
				"radius": 40
			}
		],
		"width": 80,
		"height": 80
	}
]
}